{"-%20Bayonet%20-%20Blue%20Steel%20(Minimal%20Wear)": [147.79360261502814, 6.806429990069513], "AWP%20-%20Redline%20(Minimal%20Wear)": [28.92687539015606, 0.6983436974789915], "Sticker%20-%20Team%20LDLC.com%20-%20DreamHack%202014": [9.546707785808147, 0.5532516425755586], "Souvenir%20Galil%20AR%20-%20Cerberus%20(Battle-Scarred)": [7.279764433206911, 0.533224399494311], "Sticker%20-%20DickStacy%20-%20Berlin%202019": [7.643234422880489, 0.2832451481103167], "Souvenir%20MAC-10%20-%20Amber%20Fade%20(Field-Tested)": [4.482187572928821, 0.23269471995332555], "Desert%20Eagle%20-%20Kumicho%20Dragon%20(Field-Tested)": [8.196943703308431, 0.14238260405549627], "Sticker%20-%20Astralis%20(Holo)%20-%20MLG%20Columbus%202016": [5.11582602285293, 0.3022805012900849], "XM1014%20-%20Tranquility%20(Minimal%20Wear)": [4.044346305548252, 0.1277350775703392], "M4A1-S%20-%20Nightmare%20(Field-Tested)": [6.647326680313887, 0.13775417946093482], "Tec-9%20-%20Toxic%20(Minimal%20Wear)": [2.651413894064413, 0.09892999733830182], "P2000%20-%20Imperial%20Dragon%20(Minimal%20Wear)": [2.607872770511296, 0.06859363852556481], "Souvenir%20SSG%2008%20-%20Tropical%20Storm%20(Minimal%20Wear)": [3.28233570779024, 0.30743043346468624], "StatTrak-%20M4A4%20-%20Griffin%20(Field-Tested)": [4.749431290973273, 0.13107009581442258], "StatTrak-%20AK-47%20-%20Elite%20Build%20(Field-Tested)": [3.908259655088657, 0.08706084527568618], "Music%20Kit%20-%20Skog,%20Metal": [2.7630833968980424, 0.08676582761250953], "StatTrak-%20MAC-10%20-%20Sakkaku%20(Field-Tested)": [3.5110659919028344, 0.09569109311740892], "Galil%20AR%20-%20Kami%20(Minimal%20Wear)": [0.7351639871382637, 0.02502325006183527], "Chroma%202%20Case": [0.8108521634615384, 0.01964759615384615], "Gamma%202%20Case": [0.8620331152902698, 0.01854865085854456], "Gamma%20Case": [0.8550898981779205, 0.01804916934619507], "Chroma%203%20Case": [0.7677120571126389, 0.015255288207297735], "Revolver%20Case": [0.6013049961763957, 0.01124955391282182], "Spectrum%202%20Case": [0.7561992068334349, 0.015479865771812084], "P250%20-%20Supernova%20(Factory%20New)": [0.8323123076923078, 0.022396568047337275], "Sticker%20-%20k0nfig%20(Gold)%20-%20Paris%202023": [1.3304572815533982, 0.07971553398058252], "Souvenir%20MAC-10%20-%20Indigo%20(Field-Tested)": [0.6016735064935066, 0.049523506493506494], "Sticker%20-%20Team%20Spirit%20(Holo)%20-%20Copenhagen%202024": [1.2948627049180328, 0.04323975409836065], "StatTrak-%20SSG%2008%20-%20Necropos%20(Minimal%20Wear)": [1.1672178019461934, 0.035218946765884364], "Sticker%20-%20device%20(Holo)%20-%20Stockholm%202021": [1.4573487868284227, 0.08444150779896015], "Sticker%20-%20Fluxo%20(Gold)%20-%20Paris%202023": [1.7331291946308724, 0.06496252796420582], "AUG%20-%20Aristocrat%20(Minimal%20Wear)": [0.7954031117397454, 0.02124710042432815], "Sticker%20-%20device%20-%20Katowice%202019": [0.6552762087123024, 0.0316685016754428], "Horizon%20Case": [0.408648054145516, 0.011065313028764805], "USP-S%20-%20Cyrex%20(Field-Tested)": [1.1976828379136286, 0.023961441390914186], "CZ75-Auto%20-%20Tacticat%20(Minimal%20Wear)": [0.6037133917396745, 0.01671620775969962], "Sticker%20-%20EliGE%20-%20Katowice%202019": [0.2671904415332363, 0.014496846191169331], "MP9%20-%20Capillary%20(Factory%20New)": [0.3771340892728582, 0.012098992080633548], "PP-Bizon%20-%20Fuel%20Rod%20(Field-Tested)": [0.6095819805194805, 0.019206168831168827], "Prisma%202%20Case": [0.40917113665389526, 0.011596636866751804], "SG%20553%20-%20Phantom%20(Minimal%20Wear)": [0.5254359716859717, 0.013732625482625481], "P250%20-%20Valence%20(Factory%20New)": [0.47064015628938743, 0.01619271489790774], "StatTrak-%20MAG-7%20-%20Cobalt%20Core%20(Field-Tested)": [0.25357928711759753, 0.007686219477968004], "MP7%20-%20Anodized%20Navy%20(Factory%20New)": [0.4719594768439108, 0.014320004288164665], "MAG-7%20-%20Heaven%20Guard%20(Minimal%20Wear)": [0.1892187571921749, 0.005325086306098965], "Dual%20Berettas%20-%20Dualing%20Dragons%20(Minimal%20Wear)": [0.26501726342711, 0.008431329923273658], "Sticker%20-%20ENCE%20-%20Katowice%202019": [0.3340588372093023, 0.01472093023255814], "UMP-45%20-%20Riot%20(Field-Tested)": [0.12209518745014623, 0.0049744748737038024], "Sticker%20-%20Xyp9x%20-%20Katowice%202019": [0.21452758954501455, 0.01486253630203291], "Revolution%20Case": [0.545878357636224, 0.022643898695318503], "USP-S%20-%20Night%20Ops%20(Minimal%20Wear)": [0.3744472949763847, 0.011402318591670244], "Clutch%20Case": [0.25229131966688023, 0.00847453555413197], "Souvenir%20Glock-18%20-%20Night%20(Field-Tested)": [1.3617706572769954, 0.0777037558685446], "Souvenir%20PP-Bizon%20-%20Urban%20Dashed%20(Battle-Scarred)": [0.1901337178111588, 0.01797290772532189], "Souvenir%20PP-Bizon%20-%20Urban%20Dashed%20(Field-Tested)": [0.18063422982885086, 0.029238753056234718], "Sticker%20-%20The%20MongolZ%20(Holo)%20-%20Paris%202023": [0.34588546069315307, 0.013834319526627222], "P90%20-%20Elite%20Build%20(Well-Worn)": [0.11301472556894243, 0.0038314591700133863], "Recoil%20Case": [0.3400432220039293, 0.014063523248199084], "Glock-18%20-%20High%20Beam%20(Factory%20New)": [0.1871677608845888, 0.005619730476848652], "Nova%20-%20Caged%20Steel%20(Factory%20New)": [0.0977536039033045, 0.0023994233754712794], "MP7%20-%20Urban%20Hazard%20(Field-Tested)": [0.0720479547030275, 0.0026662814883290967], "Sealed%20Graffiti%20-%20Heart%20(Princess%20Pink)": [0.06354383026242323, 0.003089754327191514], "Negev%20-%20Bulkhead%20(Factory%20New)": [0.16048893881783616, 0.005478568959557553], "Sticker%20-%20s1mple%20-%20Paris%202023": [0.07339754816112083, 0.00397723292469352], "M249%20-%20Gator%20Mesh%20(Factory%20New)": [0.0870772217428818, 0.003457075064710958], "G3SG1%20-%20Green%20Apple%20(Minimal%20Wear)": [0.07421512530494566, 0.001986360612109115], "AK-47%20-%20Safari%20Mesh%20(Field-Tested)": [0.13702990994854203, 0.003878966552315608], "Sticker%20-%20Monte%20(Glitter)%20-%20Paris%202023": [0.13658927074601843, 0.008088013411567478], "AUG%20-%20Condemned%20(Minimal%20Wear)": [0.08501582346609257, 0.004597739504843918], "M249%20-%20Gator%20Mesh%20(Minimal%20Wear)": [0.05823620356452651, 0.002151492377066781], "AUG%20-%20Triqua%20(Well-Worn)": [0.0541970767748153, 0.0023902987471892067], "Sticker%20-%20ZywOo%20(Glitter)%20-%20Paris%202023": [0.16291048593350382, 0.02084846547314578], "Souvenir%20MAC-10%20-%20Urban%20DDPAT%20(Field-Tested)": [0.07980798394290813, 0.003822702943800178], "Souvenir%20XM1014%20-%20Urban%20Perforated%20(Field-Tested)": [0.05194045368620038, 0.0019411625708884684], "Sticker%20-%20Fluxo%20(Glitter)%20-%20Paris%202023": [0.06323502871205906, 0.0035828547990155862], "Galil%20AR%20-%20Destroyer%20(Battle-Scarred)": [0.05543048128342246, 0.003123663101604278], "Sealed%20Graffiti%20-%20Heart%20(Desert%20Amber)": [0.03299061361725974, 0.0008139534883720931], "Sticker%20-%20Complexity%20Gaming%20(Glitter)%20-%20Paris%202023": [0.06248729508196721, 0.003443852459016394], "Galil%20AR%20-%20Cold%20Fusion%20(Field-Tested)": [0.06907414448669202, 0.002568786726581403], "Sawed-Off%20-%20Snake%20Camo%20(Well-Worn)": [0.04530614735907679, 0.0023808255659121176], "FAMAS%20-%20Cyanospatter%20(Field-Tested)": [0.04259058747855918, 0.0011518010291595197], "Five-SeveN%20-%20Coolant%20(Factory%20New)": [0.03932232976149326, 0.0010559972347044587], "G3SG1%20-%20Polar%20Camo%20(Field-Tested)": [0.030018975128644945, 1.2221269296740996e-05], "Five-SeveN%20-%20Forest%20Night%20(Field-Tested)": [0.030039987135506013, 2.0154373927958835e-05], "Sticker%20-%20Natus%20Vincere%20-%20Paris%202023": [0.03092295081967213, 0.0002881147540983607], "Sealed%20Graffiti%20-%20GLHF%20(Monster%20Purple)": [0.030167677380230448, 6.276531231049119e-05], "Sealed%20Graffiti%20-%20Mr.%20Teeth%20(Blood%20Red)": [0.030078351712130014, 4.468949506674406e-05], "UMP-45%20-%20Urban%20DDPAT%20(Minimal%20Wear)": [0.03038132504288165, 0.00010966981132075473],