{"-%20Bayonet%20-%20Blue%20Steel%20(Minimal%20Wear)": [147.32732569631625, 6.806429990069513], "AWP%20-%20Redline%20(Minimal%20Wear)": [29.358639410049733, 0.6983436974789915], "Sticker%20-%20Team%20LDLC.com%20-%20DreamHack%202014": [9.611419795382016, 0.5532516425755586], "Souvenir%20Galil%20AR%20-%20Cerberus%20(Battle-Scarred)": [7.632957317440251, 0.533224399494311], "Sticker%20-%20DickStacy%20-%20Berlin%202019": [7.639990223259886, 0.2832451481103167], "Souvenir%20MAC-10%20-%20Amber%20Fade%20(Field-Tested)": [4.623021191031839, 0.23269471995332555], "Desert%20Eagle%20-%20Kumicho%20Dragon%20(Field-Tested)": [8.195821123646898, 0.14238260405549627], "Sticker%20-%20Astralis%20(Holo)%20-%20MLG%20Columbus%202016": [5.1440399926280875, 0.3022805012900849], "XM1014%20-%20Tranquility%20(Minimal%20Wear)": [4.054416475714661, 0.1277350775703392], "M4A1-S%20-%20Nightmare%20(Field-Tested)": [6.652352561290638, 0.13775417946093482], "Tec-9%20-%20Toxic%20(Minimal%20Wear)": [2.6665417696490357, 0.09892999733830182], "P2000%20-%20Imperial%20Dragon%20(Minimal%20Wear)": [2.6092279811448957, 0.06859363852556481], "Souvenir%20SSG%2008%20-%20Tropical%20Storm%20(Minimal%20Wear)": [3.649324470618802, 0.30743043346468624], "StatTrak-%20M4A4%20-%20Griffin%20(Field-Tested)": [4.761718986384267, 0.13107009581442258], "StatTrak-%20AK-47%20-%20Elite%20Build%20(Field-Tested)": [3.909655956140046, 0.08706084527568618], "Music%20Kit%20-%20Skog,%20Metal": [2.7559513457556934, 0.08676582761250953], "StatTrak-%20MAC-10%20-%20Sakkaku%20(Field-Tested)": [3.5186440717177563, 0.09569109311740892], "Galil%20AR%20-%20Kami%20(Minimal%20Wear)": [0.7400711812303454, 0.02502325006183527], "Chroma%202%20Case": [0.8110451751373626, 0.01964759615384615], "Gamma%202%20Case": [0.8627244091422341, 0.01854865085854456], "Gamma%20Case": [0.855929107334252, 0.01804916934619507], "Chroma%203%20Case": [0.7656014013749339, 0.015255288207297735], "Revolver%20Case": [0.6001667455664397, 0.01124955391282182], "Spectrum%202%20Case": [0.7547045236642553, 0.015479865771812084], "P250%20-%20Supernova%20(Factory%20New)": [0.8449061876584955, 0.022396568047337275], "Sticker%20-%20k0nfig%20(Gold)%20-%20Paris%202023": [1.3498980582524271, 0.07971553398058252], "Souvenir%20MAC-10%20-%20Indigo%20(Field-Tested)": [0.7243634322820037, 0.049523506493506494], "Sticker%20-%20Team%20Spirit%20(Holo)%20-%20Copenhagen%202024": [1.2953380171740827, 0.04323975409836065], "StatTrak-%20SSG%2008%20-%20Necropos%20(Minimal%20Wear)": [1.1708282566031563, 0.035218946765884364], "Sticker%20-%20device%20(Holo)%20-%20Stockholm%202021": [1.4541345630106461, 0.08444150779896015], "Sticker%20-%20Fluxo%20(Gold)%20-%20Paris%202023": [1.7383558644934483, 0.06496252796420582], "AUG%20-%20Aristocrat%20(Minimal%20Wear)": [0.8023552232774299, 0.02124710042432815], "Sticker%20-%20device%20-%20Katowice%202019": [0.6557054639950763, 0.0316685016754428], "Horizon%20Case": [0.4085947546531303, 0.011065313028764805], "USP-S%20-%20Cyrex%20(Field-Tested)": [1.1980024837753382, 0.023961441390914186], "CZ75-Auto%20-%20Tacticat%20(Minimal%20Wear)": [0.6054751698551761, 0.01671620775969962], "Sticker%20-%20EliGE%20-%20Katowice%202019": [0.2682399667290497, 0.014496846191169331], "MP9%20-%20Capillary%20(Factory%20New)": [0.3849120127532656, 0.012098992080633548], "PP-Bizon%20-%20Fuel%20Rod%20(Field-Tested)": [0.6205459763450835, 0.019206168831168827], "Prisma%202%20Case": [0.41038004013866086, 0.011596636866751804], "SG%20553%20-%20Phantom%20(Minimal%20Wear)": [0.526430065269351, 0.013732625482625481], "P250%20-%20Valence%20(Factory%20New)": [0.4758457812668803, 0.01619271489790774], "StatTrak-%20MAG-7%20-%20Cobalt%20Core%20(Field-Tested)": [0.2553869933041979, 0.007686219477968004], "MP7%20-%20Anodized%20Navy%20(Factory%20New)": [0.4726807155109041, 0.014320004288164665], "MAG-7%20-%20Heaven%20Guard%20(Minimal%20Wear)": [0.1892590004931777, 0.005325086306098965], "Dual%20Berettas%20-%20Dualing%20Dragons%20(Minimal%20Wear)": [0.2653018085495068, 0.008431329923273658], "Sticker%20-%20ENCE%20-%20Katowice%202019": [0.3352388372093023, 0.01472093023255814], "UMP-45%20-%20Riot%20(Field-Tested)": [0.12377897215786075, 0.0049744748737038024], "Sticker%20-%20Xyp9x%20-%20Katowice%202019": [0.21601994883142028, 0.01486253630203291], "Revolution%20Case": [0.5487155465409495, 0.022643898695318503], "USP-S%20-%20Night%20Ops%20(Minimal%20Wear)": [0.37523742562718515, 0.011402318591670244], "Clutch%20Case": [0.25350020591196126, 0.00847453555413197], "Souvenir%20Glock-18%20-%20Night%20(Field-Tested)": [1.4040000670690813, 0.0777037558685446], "Souvenir%20PP-Bizon%20-%20Urban%20Dashed%20(Battle-Scarred)": [0.28451412093807477, 0.01797290772532189], "Souvenir%20PP-Bizon%20-%20Urban%20Dashed%20(Field-Tested)": [0.30583000349283973, 0.029238753056234718], "Sticker%20-%20The%20MongolZ%20(Holo)%20-%20Paris%202023": [0.3470486656200942, 0.013834319526627222], "P90%20-%20Elite%20Build%20(Well-Worn)": [0.1138966724039013, 0.0038314591700133863], "Recoil%20Case": [0.34191205912620454, 0.014063523248199084], "Glock-18%20-%20High%20Beam%20(Factory%20New)": [0.1876010218185408, 0.005619730476848652], "Nova%20-%20Caged%20Steel%20(Factory%20New)": [0.09788644932357507, 0.0023994233754712794], "MP7%20-%20Urban%20Hazard%20(Field-Tested)": [0.0726956981082241, 0.0026662814883290967], "Sealed%20Graffiti%20-%20Heart%20(Princess%20Pink)": [0.0637533500837521, 0.003089754327191514], "Negev%20-%20Bulkhead%20(Factory%20New)": [0.16110851315984395, 0.005478568959557553], "Sticker%20-%20s1mple%20-%20Paris%202023": [0.07358375031273455, 0.00397723292469352], "M249%20-%20Gator%20Mesh%20(Factory%20New)": [0.0902672254406508, 0.003457075064710958], "G3SG1%20-%20Green%20Apple%20(Minimal%20Wear)": [0.07468729208250166, 0.001986360612109115], "AK-47%20-%20Safari%20Mesh%20(Field-Tested)": [0.13696967654986525, 0.003878966552315608], "Sticker%20-%20Monte%20(Glitter)%20-%20Paris%202023": [0.13963651059753324, 0.008088013411567478], "AUG%20-%20Condemned%20(Minimal%20Wear)": [0.08631499308011686, 0.004597739504843918], "M249%20-%20Gator%20Mesh%20(Minimal%20Wear)": [0.06273528329089849, 0.002151492377066781], "AUG%20-%20Triqua%20(Well-Worn)": [0.05735537607269056, 0.0023902987471892067], "Sticker%20-%20ZywOo%20(Glitter)%20-%20Paris%202023": [0.18394483010595541, 0.02084846547314578], "Souvenir%20MAC-10%20-%20Urban%20DDPAT%20(Field-Tested)": [0.09176283930164399, 0.003822702943800178], "Souvenir%20XM1014%20-%20Urban%20Perforated%20(Field-Tested)": [0.08836119362678906, 0.0019411625708884684], "Sticker%20-%20Fluxo%20(Glitter)%20-%20Paris%202023": [0.06396296730341029, 0.0035828547990155862], "Galil%20AR%20-%20Destroyer%20(Battle-Scarred)": [0.057783899923605817, 0.003123663101604278], "Sealed%20Graffiti%20-%20Heart%20(Desert%20Amber)": [0.033249969979586125, 0.0008139534883720931], "Sticker%20-%20Complexity%20Gaming%20(Glitter)%20-%20Paris%202023": [0.06361838407494146, 0.003443852459016394], "Galil%20AR%20-%20Cold%20Fusion%20(Field-Tested)": [0.06939462248777838, 0.002568786726581403], "Sawed-Off%20-%20Snake%20Camo%20(Well-Worn)": [0.06879969564390337, 0.0023808255659121176], "FAMAS%20-%20Cyanospatter%20(Field-Tested)": [0.04288737441803479, 0.0011518010291595197], "Five-SeveN%20-%20Coolant%20(Factory%20New)": [0.03978556614488174, 0.0010559972347044587], "G3SG1%20-%20Polar%20Camo%20(Field-Tested)": [0.03004010965449645, 1.2221269296740996e-05], "Five-SeveN%20-%20Forest%20Night%20(Field-Tested)": [0.030167636608674348, 2.0154373927958835e-05], "Sticker%20-%20Natus%20Vincere%20-%20Paris%202023": [0.031019847775175646, 0.0002881147540983607], "Sealed%20Graffiti%20-%20GLHF%20(Monster%20Purple)": [0.030224594992636238, 6.276531231049119e-05], "Sealed%20Graffiti%20-%20Mr.%20Teeth%20(Blood%20Red)": [0.03015813365392589, 4.468949506674406e-05], "UMP-45%20-%20Urban%20DDPAT%20(Minimal%20Wear)": [0.030635138446459206, 0.00010966981132075473],